city,month,product,quantity
北京市,201401,A,1733
北京市,201402,A,1496
北京市,201403,A,2708
北京市,201404,A,1663
北京市,201405,A,1973
北京市,201406,A,1805
北京市,201407,A,1867
北京市,201408,A,1585
北京市,201409,A,2411
北京市,201410,A,848
北京市,201411,A,3380
北京市,201412,A,1957
北京市,201501,A,1742
北京市,201502,A,1222
北京市,201503,A,1706
北京市,201504,A,1793
北京市,201505,A,1623
北京市,201506,A,1727
北京市,201507,A,655
北京市,201508,A,795
北京市,201509,A,962
北京市,201510,A,1105
北京市,201511,A,1852
北京市,201512,A,903
北京市,201601,A,979
北京市,201602,A,550
北京市,201603,A,3800
北京市,201604,A,915
北京市,201605,A,461
北京市,201606,A,483
北京市,201607,A,604
北京市,201608,A,1023
北京市,201609,A,1390
北京市,201610,A,567
北京市,201611,A,1414
北京市,201612,A,824
北京市,201401,B,1819
北京市,201402,B,1022
北京市,201403,B,1952
北京市,201404,B,1120
北京市,201405,B,1163
北京市,201406,B,1173
北京市,201407,B,821
北京市,201408,B,1258
北京市,201409,B,1622
北京市,201410,B,2165
北京市,201411,B,1547
北京市,201412,B,1785
北京市,201501,B,1201
北京市,201502,B,1172
北京市,201503,B,812
北京市,201504,B,1564
北京市,201505,B,964
北京市,201506,B,1024
北京市,201507,B,429
北京市,201508,B,666
北京市,201509,B,782
北京市,201510,B,977
北京市,201511,B,787
北京市,201512,B,615
北京市,201601,B,755
北京市,201602,B,1602
北京市,201603,B,740
北京市,201604,B,323
北京市,201605,B,304
北京市,201606,B,325
北京市,201607,B,288
北京市,201608,B,588
北京市,201609,B,792
北京市,201610,B,382
北京市,201611,B,341
北京市,201612,B,477
北京市,201401,C,436
北京市,201402,C,233
北京市,201403,C,503
北京市,201404,C,384
北京市,201405,C,356
北京市,201406,C,542
北京市,201407,C,416
北京市,201408,C,186
北京市,201409,C,495
北京市,201410,C,228
北京市,201411,C,238
北京市,201412,C,258
北京市,201501,C,273
北京市,201502,C,312
北京市,201503,C,427
北京市,201504,C,345
北京市,201505,C,152
北京市,201506,C,150
北京市,201507,C,132
北京市,201508,C,158
北京市,201509,C,252
北京市,201510,C,195
北京市,201511,C,604
北京市,201512,C,282
北京市,201601,C,495
北京市,201602,C,151
北京市,201603,C,334
北京市,201604,C,275
北京市,201605,C,174
北京市,201606,C,196
北京市,201607,C,168
北京市,201608,C,274
北京市,201609,C,470
北京市,201610,C,345
北京市,201611,C,642
北京市,201612,C,863
长沙市,201401,A,669
长沙市,201402,A,455
长沙市,201403,A,682
长沙市,201404,A,411
长沙市,201405,A,449
长沙市,201406,A,363
长沙市,201407,A,452
长沙市,201408,A,633
长沙市,201409,A,457
长沙市,201410,A,510
长沙市,201411,A,583
长沙市,201412,A,612
长沙市,201501,A,611
长沙市,201502,A,459
长沙市,201503,A,624
长沙市,201504,A,444
长沙市,201505,A,484
长沙市,201506,A,486
长沙市,201507,A,349
长沙市,201508,A,487
长沙市,201509,A,468
长沙市,201510,A,385
长沙市,201511,A,484
长沙市,201512,A,563
长沙市,201601,A,486
长沙市,201602,A,297
长沙市,201603,A,537
长沙市,201604,A,356
长沙市,201605,A,352
长沙市,201606,A,252
长沙市,201607,A,236
长沙市,201608,A,307
长沙市,201609,A,321
长沙市,201610,A,225
长沙市,201611,A,322
长沙市,201612,A,388
长沙市,201401,B,465
长沙市,201402,B,219
长沙市,201403,B,361
长沙市,201404,B,177
长沙市,201405,B,263
长沙市,201406,B,157
长沙市,201407,B,129
长沙市,201408,B,214
长沙市,201409,B,202
长沙市,201410,B,210
长沙市,201411,B,311
长沙市,201412,B,257
长沙市,201501,B,291
长沙市,201502,B,295
长沙市,201503,B,327
长沙市,201504,B,178
长沙市,201505,B,205
长沙市,201506,B,186
长沙市,201507,B,163
长沙市,201508,B,202
长沙市,201509,B,215
长沙市,201510,B,177
长沙市,201511,B,238
长沙市,201512,B,214
长沙市,201601,B,252
长沙市,201602,B,187
长沙市,201603,B,248
长沙市,201604,B,134
长沙市,201605,B,128
长沙市,201606,B,123
长沙市,201607,B,106
长沙市,201608,B,171
长沙市,201609,B,164
长沙市,201610,B,172
长沙市,201611,B,132
长沙市,201612,B,232
长沙市,201401,C,145
长沙市,201402,C,79
长沙市,201403,C,94
长沙市,201404,C,40
长沙市,201405,C,70
长沙市,201406,C,42
长沙市,201407,C,52
长沙市,201408,C,100
长沙市,201409,C,78
长沙市,201410,C,67
长沙市,201411,C,109
长沙市,201412,C,109
长沙市,201501,C,113
长沙市,201502,C,129
长沙市,201503,C,98
长沙市,201504,C,74
长沙市,201505,C,74
长沙市,201506,C,57
长沙市,201507,C,41
长沙市,201508,C,71
长沙市,201509,C,125
长沙市,201510,C,117
长沙市,201511,C,168
长沙市,201512,C,204
长沙市,201601,C,173
长沙市,201602,C,97
长沙市,201603,C,135
长沙市,201604,C,92
长沙市,201605,C,100
长沙市,201606,C,65
长沙市,201607,C,79
长沙市,201608,C,146
长沙市,201609,C,164
长沙市,201610,C,141
长沙市,201611,C,287
长沙市,201612,C,284
成都市,201401,A,1955
成都市,201402,A,1520
成都市,201403,A,1924
成都市,201404,A,1222
成都市,201405,A,1355
成都市,201406,A,1400
成都市,201407,A,1292
成都市,201408,A,2070
成都市,201409,A,1595
成都市,201410,A,1532
成都市,201411,A,1616
成都市,201412,A,2011
成都市,201501,A,1402
成都市,201502,A,1509
成都市,201503,A,1824
成都市,201504,A,1165
成都市,201505,A,1438
成都市,201506,A,1213
成都市,201507,A,960
成都市,201508,A,1470
成都市,201509,A,1422
成都市,201510,A,1275
成都市,201511,A,1244
成都市,201512,A,1528
成都市,201601,A,1382
成都市,201602,A,1397
成都市,201603,A,1749
成都市,201604,A,1160
成都市,201605,A,992
成都市,201606,A,1004
成都市,201607,A,688
成都市,201608,A,1112
成都市,201609,A,1040
成都市,201610,A,943
成都市,201611,A,1025
成都市,201612,A,1504
成都市,201401,B,1050
成都市,201402,B,745
成都市,201403,B,954
成都市,201404,B,527
成都市,201405,B,630
成都市,201406,B,579
成都市,201407,B,402
成都市,201408,B,834
成都市,201409,B,617
成都市,201410,B,625
成都市,201411,B,599
成都市,201412,B,904
成都市,201501,B,593
成都市,201502,B,896
成都市,201503,B,855
成都市,201504,B,482
成都市,201505,B,586
成都市,201506,B,536
成都市,201507,B,459
成都市,201508,B,776
成都市,201509,B,641
成都市,201510,B,593
成都市,201511,B,493
成都市,201512,B,773
成都市,201601,B,706
成都市,201602,B,625
成都市,201603,B,709
成都市,201604,B,443
成都市,201605,B,421
成都市,201606,B,397
成都市,201607,B,367
成都市,201608,B,638
成都市,201609,B,474
成都市,201610,B,610
成都市,201611,B,391
成都市,201612,B,656
成都市,201401,C,378
成都市,201402,C,232
成都市,201403,C,221
成都市,201404,C,120
成都市,201405,C,145
成都市,201406,C,116
成都市,201407,C,120
成都市,201408,C,258
成都市,201409,C,220
成都市,201410,C,204
成都市,201411,C,287
成都市,201412,C,378
成都市,201501,C,246
成都市,201502,C,285
成都市,201503,C,226
成都市,201504,C,97
成都市,201505,C,137
成都市,201506,C,127
成都市,201507,C,114
成都市,201508,C,236
成都市,201509,C,336
成都市,201510,C,269
成都市,201511,C,279
成都市,201512,C,458
成都市,201601,C,309
成都市,201602,C,198
成都市,201603,C,223
成都市,201604,C,160
成都市,201605,C,191
成都市,201606,C,135
成都市,201607,C,161
成都市,201608,C,316
成都市,201609,C,369
成都市,201610,C,339
成都市,201611,C,549
成都市,201612,C,655
广州市,201401,A,733
广州市,201402,A,386
广州市,201403,A,755
广州市,201404,A,374
广州市,201405,A,526
广州市,201406,A,463
广州市,201407,A,519
广州市,201408,A,488
广州市,201409,A,529
广州市,201410,A,444
广州市,201411,A,523
广州市,201412,A,542
广州市,201501,A,475
广州市,201502,A,469
广州市,201503,A,507
广州市,201504,A,567
广州市,201505,A,415
广州市,201506,A,479
广州市,201507,A,382
广州市,201508,A,415
广州市,201509,A,481
广州市,201510,A,457
广州市,201511,A,567
广州市,201512,A,584
广州市,201601,A,495
广州市,201602,A,346
广州市,201603,A,713
广州市,201604,A,422
广州市,201605,A,563
广州市,201606,A,359
广州市,201607,A,288
广州市,201608,A,405
广州市,201609,A,386
广州市,201610,A,341
广州市,201611,A,487
广州市,201612,A,397
广州市,201401,B,302
广州市,201402,B,131
广州市,201403,B,250
广州市,201404,B,126
广州市,201405,B,173
广州市,201406,B,125
广州市,201407,B,77
广州市,201408,B,145
广州市,201409,B,140
广州市,201410,B,121
广州市,201411,B,145
广州市,201412,B,205
广州市,201501,B,160
广州市,201502,B,218
广州市,201503,B,185
广州市,201504,B,129
广州市,201505,B,149
广州市,201506,B,120
广州市,201507,B,118
广州市,201508,B,136
广州市,201509,B,156
广州市,201510,B,146
广州市,201511,B,156
广州市,201512,B,206
广州市,201601,B,198
广州市,201602,B,169
广州市,201603,B,143
广州市,201604,B,100
广州市,201605,B,93
广州市,201606,B,113
广州市,201607,B,90
广州市,201608,B,127
广州市,201609,B,129
广州市,201610,B,131
广州市,201611,B,101
广州市,201612,B,142
广州市,201401,C,163
广州市,201402,C,76
广州市,201403,C,90
广州市,201404,C,30
广州市,201405,C,42
广州市,201406,C,43
广州市,201407,C,47
广州市,201408,C,60
广州市,201409,C,76
广州市,201410,C,57
广州市,201411,C,104
广州市,201412,C,95
广州市,201501,C,90
广州市,201502,C,85
广州市,201503,C,77
广州市,201504,C,50
广州市,201505,C,62
广州市,201506,C,35
广州市,201507,C,51
广州市,201508,C,71
广州市,201509,C,118
广州市,201510,C,108
广州市,201511,C,141
广州市,201512,C,165
广州市,201601,C,164
广州市,201602,C,93
广州市,201603,C,114
广州市,201604,C,89
广州市,201605,C,85
广州市,201606,C,54
广州市,201607,C,107
广州市,201608,C,114
广州市,201609,C,157
广州市,201610,C,128
广州市,201611,C,329
广州市,201612,C,220
贵阳市,201401,A,325
贵阳市,201402,A,164
贵阳市,201403,A,386
贵阳市,201404,A,207
贵阳市,201405,A,268
贵阳市,201406,A,224
贵阳市,201407,A,236
贵阳市,201408,A,219
贵阳市,201409,A,377
贵阳市,201410,A,214
贵阳市,201411,A,408
贵阳市,201412,A,290
贵阳市,201501,A,267
贵阳市,201502,A,324
贵阳市,201503,A,381
贵阳市,201504,A,194
贵阳市,201505,A,286
贵阳市,201506,A,231
贵阳市,201507,A,201
贵阳市,201508,A,319
贵阳市,201509,A,353
贵阳市,201510,A,260
贵阳市,201511,A,382
贵阳市,201512,A,232
贵阳市,201601,A,280
贵阳市,201602,A,192
贵阳市,201603,A,447
贵阳市,201604,A,198
贵阳市,201605,A,221
贵阳市,201606,A,158
贵阳市,201607,A,172
贵阳市,201608,A,199
贵阳市,201609,A,277
贵阳市,201610,A,148
贵阳市,201611,A,230
贵阳市,201612,A,296
贵阳市,201401,B,178
贵阳市,201402,B,118
贵阳市,201403,B,146
贵阳市,201404,B,97
贵阳市,201405,B,100
贵阳市,201406,B,95
贵阳市,201407,B,62
贵阳市,201408,B,96
贵阳市,201409,B,120
贵阳市,201410,B,79
贵阳市,201411,B,150
贵阳市,201412,B,100
贵阳市,201501,B,86
贵阳市,201502,B,176
贵阳市,201503,B,130
贵阳市,201504,B,74
贵阳市,201505,B,81
贵阳市,201506,B,90
贵阳市,201507,B,67
贵阳市,201508,B,84
贵阳市,201509,B,137
贵阳市,201510,B,107
贵阳市,201511,B,158
贵阳市,201512,B,67
贵阳市,201601,B,129
贵阳市,201602,B,92
贵阳市,201603,B,110
贵阳市,201604,B,33
贵阳市,201605,B,21
贵阳市,201606,B,54
贵阳市,201607,B,21
贵阳市,201608,B,75
贵阳市,201609,B,78
贵阳市,201610,B,68
贵阳市,201611,B,84
贵阳市,201612,B,92
贵阳市,201401,C,152
贵阳市,201402,C,61
贵阳市,201403,C,77
贵阳市,201404,C,16
贵阳市,201405,C,42
贵阳市,201406,C,37
贵阳市,201407,C,25
贵阳市,201408,C,57
贵阳市,201409,C,93
贵阳市,201410,C,50
贵阳市,201411,C,116
贵阳市,201412,C,64
贵阳市,201501,C,74
贵阳市,201502,C,97
贵阳市,201503,C,67
贵阳市,201504,C,35
贵阳市,201505,C,34
贵阳市,201506,C,33
贵阳市,201507,C,20
贵阳市,201508,C,57
贵阳市,201509,C,100
贵阳市,201510,C,55
贵阳市,201511,C,96
贵阳市,201512,C,79
贵阳市,201601,C,83
贵阳市,201602,C,60
贵阳市,201603,C,73
贵阳市,201604,C,28
贵阳市,201605,C,61
贵阳市,201606,C,25
贵阳市,201607,C,42
贵阳市,201608,C,85
贵阳市,201609,C,119
贵阳市,201610,C,61
贵阳市,201611,C,162
贵阳市,201612,C,113
哈尔滨市,201401,A,252
哈尔滨市,201402,A,121
哈尔滨市,201403,A,264
哈尔滨市,201404,A,233
哈尔滨市,201405,A,211
哈尔滨市,201406,A,126
哈尔滨市,201407,A,122
哈尔滨市,201408,A,208
哈尔滨市,201409,A,124
哈尔滨市,201410,A,144
哈尔滨市,201411,A,216
哈尔滨市,201412,A,190
哈尔滨市,201501,A,169
哈尔滨市,201502,A,167
哈尔滨市,201503,A,183
哈尔滨市,201504,A,179
哈尔滨市,201505,A,217
哈尔滨市,201506,A,107
哈尔滨市,201507,A,104
哈尔滨市,201508,A,173
哈尔滨市,201509,A,205
哈尔滨市,201510,A,161
哈尔滨市,201511,A,126
哈尔滨市,201512,A,151
哈尔滨市,201601,A,212
哈尔滨市,201602,A,104
哈尔滨市,201603,A,232
哈尔滨市,201604,A,166
哈尔滨市,201605,A,161
哈尔滨市,201606,A,97
哈尔滨市,201607,A,124
哈尔滨市,201608,A,126
哈尔滨市,201609,A,98
哈尔滨市,201610,A,171
哈尔滨市,201611,A,142
哈尔滨市,201612,A,99
哈尔滨市,201401,B,336
哈尔滨市,201402,B,147
哈尔滨市,201403,B,373
哈尔滨市,201404,B,211
哈尔滨市,201405,B,220
哈尔滨市,201406,B,161
哈尔滨市,201407,B,74
哈尔滨市,201408,B,192
哈尔滨市,201409,B,129
哈尔滨市,201410,B,140
哈尔滨市,201411,B,185
哈尔滨市,201412,B,132
哈尔滨市,201501,B,148
哈尔滨市,201502,B,172
哈尔滨市,201503,B,162
哈尔滨市,201504,B,119
哈尔滨市,201505,B,142
哈尔滨市,201506,B,106
哈尔滨市,201507,B,111
哈尔滨市,201508,B,175
哈尔滨市,201509,B,159
哈尔滨市,201510,B,192
哈尔滨市,201511,B,82
哈尔滨市,201512,B,133
哈尔滨市,201601,B,227
哈尔滨市,201602,B,141
哈尔滨市,201603,B,195
哈尔滨市,201604,B,122
哈尔滨市,201605,B,65
哈尔滨市,201606,B,100
哈尔滨市,201607,B,115
哈尔滨市,201608,B,182
哈尔滨市,201609,B,128
哈尔滨市,201610,B,149
哈尔滨市,201611,B,114
哈尔滨市,201612,B,150
哈尔滨市,201401,C,100
哈尔滨市,201402,C,44
哈尔滨市,201403,C,118
哈尔滨市,201404,C,74
哈尔滨市,201405,C,88
哈尔滨市,201406,C,46
哈尔滨市,201407,C,44
哈尔滨市,201408,C,101
哈尔滨市,201409,C,58
哈尔滨市,201410,C,63
哈尔滨市,201411,C,88
哈尔滨市,201412,C,93
哈尔滨市,201501,C,91
哈尔滨市,201502,C,91
哈尔滨市,201503,C,97
哈尔滨市,201504,C,60
哈尔滨市,201505,C,82
哈尔滨市,201506,C,23
哈尔滨市,201507,C,46
哈尔滨市,201508,C,84
哈尔滨市,201509,C,98
哈尔滨市,201510,C,69
哈尔滨市,201511,C,85
哈尔滨市,201512,C,122
哈尔滨市,201601,C,105
哈尔滨市,201602,C,70
哈尔滨市,201603,C,89
哈尔滨市,201604,C,86
哈尔滨市,201605,C,82
哈尔滨市,201606,C,42
哈尔滨市,201607,C,55
哈尔滨市,201608,C,86
哈尔滨市,201609,C,90
哈尔滨市,201610,C,92
哈尔滨市,201611,C,158
哈尔滨市,201612,C,128
杭州市,201401,A,780
杭州市,201402,A,47
杭州市,201403,A,719
杭州市,201404,A,505
杭州市,201405,A,437
杭州市,201406,A,552
杭州市,201407,A,431
杭州市,201408,A,825
杭州市,201409,A,327
杭州市,201410,A,439
杭州市,201411,A,589
杭州市,201412,A,400
杭州市,201501,A,959
杭州市,201502,A,450
杭州市,201503,A,615
杭州市,201504,A,368
杭州市,201505,A,449
杭州市,201506,A,639
杭州市,201507,A,228
杭州市,201508,A,531
杭州市,201509,A,450
杭州市,201510,A,560
杭州市,201511,A,1835
杭州市,201512,A,769
杭州市,201601,A,562
杭州市,201602,A,667
杭州市,201603,A,1572
杭州市,201604,A,763
杭州市,201605,A,1151
杭州市,201606,A,538
杭州市,201607,A,245
杭州市,201608,A,317
杭州市,201609,A,480
杭州市,201610,A,328
杭州市,201611,A,638
杭州市,201612,A,427
杭州市,201401,B,1249
杭州市,201402,B,356
杭州市,201403,B,2591
杭州市,201404,B,241
杭州市,201405,B,-281
杭州市,201406,B,761
杭州市,201407,B,323
杭州市,201408,B,262
杭州市,201409,B,270
杭州市,201410,B,200
杭州市,201411,B,897
杭州市,201412,B,2249
杭州市,201501,B,507
杭州市,201502,B,649
杭州市,201503,B,2371
杭州市,201504,B,809
杭州市,201505,B,242
杭州市,201506,B,321
杭州市,201507,B,46
杭州市,201508,B,240
杭州市,201509,B,258
杭州市,201510,B,347
杭州市,201511,B,1113
杭州市,201512,B,547
杭州市,201601,B,549
杭州市,201602,B,284
杭州市,201603,B,2253
杭州市,201604,B,146
杭州市,201605,B,748
杭州市,201606,B,215
杭州市,201607,B,176
杭州市,201608,B,232
杭州市,201609,B,297
杭州市,201610,B,290
杭州市,201611,B,482
杭州市,201612,B,303
杭州市,201401,C,151
杭州市,201402,C,92
杭州市,201403,C,234
杭州市,201404,C,94
杭州市,201405,C,83
杭州市,201406,C,69
杭州市,201407,C,61
杭州市,201408,C,120
杭州市,201409,C,95
杭州市,201410,C,141
杭州市,201411,C,184
杭州市,201412,C,202
杭州市,201501,C,165
杭州市,201502,C,178
杭州市,201503,C,158
杭州市,201504,C,89
杭州市,201505,C,90
杭州市,201506,C,180
杭州市,201507,C,60
杭州市,201508,C,186
杭州市,201509,C,204
杭州市,201510,C,196
杭州市,201511,C,334
杭州市,201512,C,312
杭州市,201601,C,206
杭州市,201602,C,167
杭州市,201603,C,273
杭州市,201604,C,237
杭州市,201605,C,154
杭州市,201606,C,270
杭州市,201607,C,110
杭州市,201608,C,199
杭州市,201609,C,357
杭州市,201610,C,233
杭州市,201611,C,388
杭州市,201612,C,449
昆明市,201401,A,272
昆明市,201402,A,214
昆明市,201403,A,271
昆明市,201404,A,211
昆明市,201405,A,246
昆明市,201406,A,317
昆明市,201407,A,248
昆明市,201408,A,241
昆明市,201409,A,276
昆明市,201410,A,177
昆明市,201411,A,217
昆明市,201412,A,365
昆明市,201501,A,437
昆明市,201502,A,306
昆明市,201503,A,314
昆明市,201504,A,199
昆明市,201505,A,161
昆明市,201506,A,272
昆明市,201507,A,234
昆明市,201508,A,243
昆明市,201509,A,273
昆明市,201510,A,241
昆明市,201511,A,183
昆明市,201512,A,296
昆明市,201601,A,222
昆明市,201602,A,195
昆明市,201603,A,325
昆明市,201604,A,236
昆明市,201605,A,181
昆明市,201606,A,163
昆明市,201607,A,134
昆明市,201608,A,209
昆明市,201609,A,183
昆明市,201610,A,160
昆明市,201611,A,219
昆明市,201612,A,341
昆明市,201401,B,291
昆明市,201402,B,165
昆明市,201403,B,220
昆明市,201404,B,182
昆明市,201405,B,128
昆明市,201406,B,202
昆明市,201407,B,80
昆明市,201408,B,163
昆明市,201409,B,172
昆明市,201410,B,130
昆明市,201411,B,147
昆明市,201412,B,217
昆明市,201501,B,160
昆明市,201502,B,217
昆明市,201503,B,251
昆明市,201504,B,123
昆明市,201505,B,160
昆明市,201506,B,174
昆明市,201507,B,149
昆明市,201508,B,197
昆明市,201509,B,168
昆明市,201510,B,143
昆明市,201511,B,109
昆明市,201512,B,232
昆明市,201601,B,129
昆明市,201602,B,134
昆明市,201603,B,212
昆明市,201604,B,111
昆明市,201605,B,63
昆明市,201606,B,116
昆明市,201607,B,92
昆明市,201608,B,155
昆明市,201609,B,142
昆明市,201610,B,97
昆明市,201611,B,94
昆明市,201612,B,130
昆明市,201401,C,105
昆明市,201402,C,54
昆明市,201403,C,77
昆明市,201404,C,59
昆明市,201405,C,59
昆明市,201406,C,63
昆明市,201407,C,54
昆明市,201408,C,73
昆明市,201409,C,51
昆明市,201410,C,55
昆明市,201411,C,63
昆明市,201412,C,97
昆明市,201501,C,69
昆明市,201502,C,69
昆明市,201503,C,58
昆明市,201504,C,44
昆明市,201505,C,52
昆明市,201506,C,62
昆明市,201507,C,36
昆明市,201508,C,41
昆明市,201509,C,58
昆明市,201510,C,52
昆明市,201511,C,54
昆明市,201512,C,97
昆明市,201601,C,98
昆明市,201602,C,58
昆明市,201603,C,76
昆明市,201604,C,61
昆明市,201605,C,28
昆明市,201606,C,57
昆明市,201607,C,57
昆明市,201608,C,126
昆明市,201609,C,82
昆明市,201610,C,89
昆明市,201611,C,188
昆明市,201612,C,169
南京市,201401,A,488
南京市,201402,A,271
南京市,201403,A,965
南京市,201404,A,443
南京市,201405,A,472
南京市,201406,A,438
南京市,201407,A,290
南京市,201408,A,739
南京市,201409,A,418
南京市,201410,A,428
南京市,201411,A,637
南京市,201412,A,454
南京市,201501,A,982
南京市,201502,A,435
南京市,201503,A,436
南京市,201504,A,451
南京市,201505,A,864
南京市,201506,A,347
南京市,201507,A,312
南京市,201508,A,342
南京市,201509,A,319
南京市,201510,A,639
南京市,201511,A,468
南京市,201512,A,602
南京市,201601,A,1191
南京市,201602,A,1352
南京市,201603,A,417
南京市,201604,A,502
南京市,201605,A,204
南京市,201606,A,324
南京市,201607,A,204
南京市,201608,A,357
南京市,201609,A,829
南京市,201610,A,487
南京市,201611,A,609
南京市,201612,A,325
南京市,201401,B,893
南京市,201402,B,255
南京市,201403,B,444
南京市,201404,B,600
南京市,201405,B,311
南京市,201406,B,394
南京市,201407,B,464
南京市,201408,B,431
南京市,201409,B,1000
南京市,201410,B,376
南京市,201411,B,813
南京市,201412,B,360
南京市,201501,B,653
南京市,201502,B,977
南京市,201503,B,1119
南京市,201504,B,314
南京市,201505,B,248
南京市,201506,B,579
南京市,201507,B,119
南京市,201508,B,386
南京市,201509,B,410
南京市,201510,B,542
南京市,201511,B,552
南京市,201512,B,378
南京市,201601,B,397
南京市,201602,B,312
南京市,201603,B,155
南京市,201604,B,88
南京市,201605,B,480
南京市,201606,B,450
南京市,201607,B,94
南京市,201608,B,240
南京市,201609,B,559
南京市,201610,B,729
南京市,201611,B,142
南京市,201612,B,285
南京市,201401,C,231
南京市,201402,C,105
南京市,201403,C,156
南京市,201404,C,93
南京市,201405,C,57
南京市,201406,C,43
南京市,201407,C,30
南京市,201408,C,90
南京市,201409,C,74
南京市,201410,C,77
南京市,201411,C,177
南京市,201412,C,91
南京市,201501,C,86
南京市,201502,C,130
南京市,201503,C,75
南京市,201504,C,51
南京市,201505,C,51
南京市,201506,C,35
南京市,201507,C,20
南京市,201508,C,40
南京市,201509,C,92
南京市,201510,C,88
南京市,201511,C,140
南京市,201512,C,74
南京市,201601,C,145
南京市,201602,C,265
南京市,201603,C,89
南京市,201604,C,71
南京市,201605,C,86
南京市,201606,C,45
南京市,201607,C,40
南京市,201608,C,78
南京市,201609,C,130
南京市,201610,C,83
南京市,201611,C,219
南京市,201612,C,190
宁波市,201401,A,169
宁波市,201402,A,92
宁波市,201403,A,199
宁波市,201404,A,97
宁波市,201405,A,118
宁波市,201406,A,132
宁波市,201407,A,118
宁波市,201408,A,154
宁波市,201409,A,182
宁波市,201410,A,132
宁波市,201411,A,207
宁波市,201412,A,199
宁波市,201501,A,151
宁波市,201502,A,178
宁波市,201503,A,151
宁波市,201504,A,181
宁波市,201505,A,189
宁波市,201506,A,178
宁波市,201507,A,88
宁波市,201508,A,184
宁波市,201509,A,191
宁波市,201510,A,138
宁波市,201511,A,301
宁波市,201512,A,233
宁波市,201601,A,164
宁波市,201602,A,84
宁波市,201603,A,271
宁波市,201604,A,125
宁波市,201605,A,100
宁波市,201606,A,168
宁波市,201607,A,48
宁波市,201608,A,161
宁波市,201609,A,144
宁波市,201610,A,97
宁波市,201611,A,284
宁波市,201612,A,164
宁波市,201401,B,193
宁波市,201402,B,78
宁波市,201403,B,116
宁波市,201404,B,72
宁波市,201405,B,91
宁波市,201406,B,97
宁波市,201407,B,33
宁波市,201408,B,61
宁波市,201409,B,89
宁波市,201410,B,77
宁波市,201411,B,164
宁波市,201412,B,176
宁波市,201501,B,119
宁波市,201502,B,232
宁波市,201503,B,147
宁波市,201504,B,72
宁波市,201505,B,89
宁波市,201506,B,88
宁波市,201507,B,49
宁波市,201508,B,151
宁波市,201509,B,89
宁波市,201510,B,50
宁波市,201511,B,192
宁波市,201512,B,54
宁波市,201601,B,90
宁波市,201602,B,77
宁波市,201603,B,193
宁波市,201604,B,70
宁波市,201605,B,57
宁波市,201606,B,112
宁波市,201607,B,25
宁波市,201608,B,65
宁波市,201609,B,53
宁波市,201610,B,54
宁波市,201611,B,157
宁波市,201612,B,78
宁波市,201401,C,52
宁波市,201402,C,26
宁波市,201403,C,34
宁波市,201404,C,10
宁波市,201405,C,22
宁波市,201406,C,18
宁波市,201407,C,32
宁波市,201408,C,36
宁波市,201409,C,39
宁波市,201410,C,17
宁波市,201411,C,49
宁波市,201412,C,41
宁波市,201501,C,46
宁波市,201502,C,66
宁波市,201503,C,41
宁波市,201504,C,13
宁波市,201505,C,32
宁波市,201506,C,27
宁波市,201507,C,13
宁波市,201508,C,52
宁波市,201509,C,63
宁波市,201510,C,21
宁波市,201511,C,72
宁波市,201512,C,73
宁波市,201601,C,98
宁波市,201602,C,40
宁波市,201603,C,53
宁波市,201604,C,29
宁波市,201605,C,27
宁波市,201606,C,34
宁波市,201607,C,18
宁波市,201608,C,38
宁波市,201609,C,68
宁波市,201610,C,25
宁波市,201611,C,130
宁波市,201612,C,103
上海市,201401,A,701
上海市,201402,A,197
上海市,201403,A,693
上海市,201404,A,506
上海市,201405,A,586
上海市,201406,A,254
上海市,201407,A,739
上海市,201408,A,554
上海市,201409,A,853
上海市,201410,A,396
上海市,201411,A,530
上海市,201412,A,535
上海市,201501,A,409
上海市,201502,A,333
上海市,201503,A,614
上海市,201504,A,781
上海市,201505,A,628
上海市,201506,A,1065
上海市,201507,A,219
上海市,201508,A,288
上海市,201509,A,610
上海市,201510,A,646
上海市,201511,A,1433
上海市,201512,A,1849
上海市,201601,A,1076
上海市,201602,A,1048
上海市,201603,A,548
上海市,201604,A,309
上海市,201605,A,839
上海市,201606,A,709
上海市,201607,A,209
上海市,201608,A,1208
上海市,201609,A,372
上海市,201610,A,249
上海市,201611,A,693
上海市,201612,A,667
上海市,201401,B,791
上海市,201402,B,311
上海市,201403,B,724
上海市,201404,B,369
上海市,201405,B,309
上海市,201406,B,332
上海市,201407,B,388
上海市,201408,B,511
上海市,201409,B,733
上海市,201410,B,933
上海市,201411,B,414
上海市,201412,B,914
上海市,201501,B,398
上海市,201502,B,529
上海市,201503,B,597
上海市,201504,B,255
上海市,201505,B,458
上海市,201506,B,379
上海市,201507,B,208
上海市,201508,B,293
上海市,201509,B,503
上海市,201510,B,709
上海市,201511,B,433
上海市,201512,B,314
上海市,201601,B,863
上海市,201602,B,292
上海市,201603,B,342
上海市,201604,B,140
上海市,201605,B,264
上海市,201606,B,178
上海市,201607,B,126
上海市,201608,B,801
上海市,201609,B,1290
上海市,201610,B,399
上海市,201611,B,493
上海市,201612,B,1416
上海市,201401,C,185
上海市,201402,C,68
上海市,201403,C,190
上海市,201404,C,73
上海市,201405,C,92
上海市,201406,C,72
上海市,201407,C,71
上海市,201408,C,69
上海市,201409,C,189
上海市,201410,C,116
上海市,201411,C,162
上海市,201412,C,187
上海市,201501,C,242
上海市,201502,C,178
上海市,201503,C,227
上海市,201504,C,87
上海市,201505,C,85
上海市,201506,C,67
上海市,201507,C,47
上海市,201508,C,80
上海市,201509,C,161
上海市,201510,C,74
上海市,201511,C,126
上海市,201512,C,113
上海市,201601,C,141
上海市,201602,C,57
上海市,201603,C,107
上海市,201604,C,183
上海市,201605,C,90
上海市,201606,C,45
上海市,201607,C,60
上海市,201608,C,325
上海市,201609,C,325
上海市,201610,C,87
上海市,201611,C,210
上海市,201612,C,121
深圳市,201401,A,157
深圳市,201402,A,131
深圳市,201403,A,249
深圳市,201404,A,168
深圳市,201405,A,170
深圳市,201406,A,183
深圳市,201407,A,108
深圳市,201408,A,136
深圳市,201409,A,177
深圳市,201410,A,111
深圳市,201411,A,90
深圳市,201412,A,143
深圳市,201501,A,168
深圳市,201502,A,102
深圳市,201503,A,164
深圳市,201504,A,129
深圳市,201505,A,172
深圳市,201506,A,153
深圳市,201507,A,109
深圳市,201508,A,113
深圳市,201509,A,240
深圳市,201510,A,202
深圳市,201511,A,131
深圳市,201512,A,202
深圳市,201601,A,156
深圳市,201602,A,89
深圳市,201603,A,221
深圳市,201604,A,143
深圳市,201605,A,123
深圳市,201606,A,150
深圳市,201607,A,129
深圳市,201608,A,134
深圳市,201609,A,149
深圳市,201610,A,152
深圳市,201611,A,156
深圳市,201612,A,83
深圳市,201401,B,108
深圳市,201402,B,46
深圳市,201403,B,124
深圳市,201404,B,70
深圳市,201405,B,80
深圳市,201406,B,47
深圳市,201407,B,53
深圳市,201408,B,50
深圳市,201409,B,56
深圳市,201410,B,60
深圳市,201411,B,62
深圳市,201412,B,98
深圳市,201501,B,49
深圳市,201502,B,54
深圳市,201503,B,51
深圳市,201504,B,34
深圳市,201505,B,55
深圳市,201506,B,32
深圳市,201507,B,29
深圳市,201508,B,43
深圳市,201509,B,64
深圳市,201510,B,52
深圳市,201511,B,90
深圳市,201512,B,66
深圳市,201601,B,68
深圳市,201602,B,46
深圳市,201603,B,50
深圳市,201604,B,24
深圳市,201605,B,36
深圳市,201606,B,36
深圳市,201607,B,34
深圳市,201608,B,40
深圳市,201609,B,58
深圳市,201610,B,59
深圳市,201611,B,50
深圳市,201612,B,70
深圳市,201401,C,26
深圳市,201402,C,20
深圳市,201403,C,34
深圳市,201404,C,15
深圳市,201405,C,17
深圳市,201406,C,11
深圳市,201407,C,7
深圳市,201408,C,12
深圳市,201409,C,21
深圳市,201410,C,12
深圳市,201411,C,21
深圳市,201412,C,14
深圳市,201501,C,19
深圳市,201502,C,29
深圳市,201503,C,12
深圳市,201504,C,25
深圳市,201505,C,4
深圳市,201506,C,11
深圳市,201507,C,4
深圳市,201508,C,16
深圳市,201509,C,27
深圳市,201510,C,35
深圳市,201511,C,64
深圳市,201512,C,36
深圳市,201601,C,40
深圳市,201602,C,22
深圳市,201603,C,19
深圳市,201604,C,19
深圳市,201605,C,15
深圳市,201606,C,11
深圳市,201607,C,23
深圳市,201608,C,19
深圳市,201609,C,43
深圳市,201610,C,35
深圳市,201611,C,64
深圳市,201612,C,49
沈阳市,201401,A,265
沈阳市,201402,A,162
沈阳市,201403,A,392
沈阳市,201404,A,240
沈阳市,201405,A,223
沈阳市,201406,A,229
沈阳市,201407,A,194
沈阳市,201408,A,215
沈阳市,201409,A,331
沈阳市,201410,A,149
沈阳市,201411,A,412
沈阳市,201412,A,265
沈阳市,201501,A,229
沈阳市,201502,A,277
沈阳市,201503,A,347
沈阳市,201504,A,326
沈阳市,201505,A,215
沈阳市,201506,A,236
沈阳市,201507,A,114
沈阳市,201508,A,296
沈阳市,201509,A,210
沈阳市,201510,A,178
沈阳市,201511,A,330
沈阳市,201512,A,328
沈阳市,201601,A,221
沈阳市,201602,A,136
沈阳市,201603,A,329
沈阳市,201604,A,230
沈阳市,201605,A,116
沈阳市,201606,A,202
沈阳市,201607,A,76
沈阳市,201608,A,243
沈阳市,201609,A,159
沈阳市,201610,A,85
沈阳市,201611,A,308
沈阳市,201612,A,131
沈阳市,201401,B,339
沈阳市,201402,B,192
沈阳市,201403,B,405
沈阳市,201404,B,198
沈阳市,201405,B,217
沈阳市,201406,B,176
沈阳市,201407,B,105
沈阳市,201408,B,137
沈阳市,201409,B,219
沈阳市,201410,B,127
沈阳市,201411,B,355
沈阳市,201412,B,169
沈阳市,201501,B,163
沈阳市,201502,B,302
沈阳市,201503,B,288
沈阳市,201504,B,172
沈阳市,201505,B,177
沈阳市,201506,B,131
沈阳市,201507,B,90
沈阳市,201508,B,207
沈阳市,201509,B,173
沈阳市,201510,B,219
沈阳市,201511,B,232
沈阳市,201512,B,107
沈阳市,201601,B,163
沈阳市,201602,B,71
沈阳市,201603,B,138
沈阳市,201604,B,92
沈阳市,201605,B,122
沈阳市,201606,B,73
沈阳市,201607,B,54
沈阳市,201608,B,137
沈阳市,201609,B,118
沈阳市,201610,B,109
沈阳市,201611,B,126
沈阳市,201612,B,126
沈阳市,201401,C,124
沈阳市,201402,C,61
沈阳市,201403,C,105
沈阳市,201404,C,85
沈阳市,201405,C,71
沈阳市,201406,C,57
沈阳市,201407,C,58
沈阳市,201408,C,83
沈阳市,201409,C,86
沈阳市,201410,C,51
沈阳市,201411,C,101
沈阳市,201412,C,51
沈阳市,201501,C,73
沈阳市,201502,C,139
沈阳市,201503,C,77
沈阳市,201504,C,60
沈阳市,201505,C,55
沈阳市,201506,C,46
沈阳市,201507,C,33
沈阳市,201508,C,85
沈阳市,201509,C,74
沈阳市,201510,C,77
沈阳市,201511,C,126
沈阳市,201512,C,118
沈阳市,201601,C,103
沈阳市,201602,C,25
沈阳市,201603,C,92
沈阳市,201604,C,87
沈阳市,201605,C,54
沈阳市,201606,C,57
沈阳市,201607,C,35
沈阳市,201608,C,104
沈阳市,201609,C,113
沈阳市,201610,C,36
沈阳市,201611,C,223
沈阳市,201612,C,187
石家庄市,201401,A,79
石家庄市,201402,A,17
石家庄市,201403,A,100
石家庄市,201404,A,91
石家庄市,201405,A,42
石家庄市,201406,A,77
石家庄市,201407,A,41
石家庄市,201408,A,75
石家庄市,201409,A,120
石家庄市,201410,A,70
石家庄市,201411,A,76
石家庄市,201412,A,99
石家庄市,201501,A,150
石家庄市,201502,A,274
石家庄市,201503,A,129
石家庄市,201504,A,73
石家庄市,201505,A,120
石家庄市,201506,A,139
石家庄市,201507,A,104
石家庄市,201508,A,66
石家庄市,201509,A,149
石家庄市,201510,A,147
石家庄市,201511,A,76
石家庄市,201512,A,74
石家庄市,201601,A,144
石家庄市,201602,A,37
石家庄市,201603,A,156
石家庄市,201604,A,72
石家庄市,201605,A,29
石家庄市,201606,A,78
石家庄市,201607,A,56
石家庄市,201608,A,57
石家庄市,201609,A,89
石家庄市,201610,A,102
石家庄市,201611,A,87
石家庄市,201612,A,119
石家庄市,201401,B,394
石家庄市,201402,B,102
石家庄市,201403,B,229
石家庄市,201404,B,115
石家庄市,201405,B,93
石家庄市,201406,B,126
石家庄市,201407,B,63
石家庄市,201408,B,68
石家庄市,201409,B,143
石家庄市,201410,B,114
石家庄市,201411,B,106
石家庄市,201412,B,176
石家庄市,201501,B,121
石家庄市,201502,B,328
石家庄市,201503,B,103
石家庄市,201504,B,97
石家庄市,201505,B,164
石家庄市,201506,B,103
石家庄市,201507,B,114
石家庄市,201508,B,93
石家庄市,201509,B,140
石家庄市,201510,B,224
石家庄市,201511,B,116
石家庄市,201512,B,149
石家庄市,201601,B,388
石家庄市,201602,B,100
石家庄市,201603,B,162
石家庄市,201604,B,17
石家庄市,201605,B,53
石家庄市,201606,B,98
石家庄市,201607,B,50
石家庄市,201608,B,72
石家庄市,201609,B,96
石家庄市,201610,B,160
石家庄市,201611,B,88
石家庄市,201612,B,80
石家庄市,201401,C,28
石家庄市,201402,C,12
石家庄市,201403,C,24
石家庄市,201404,C,23
石家庄市,201405,C,32
石家庄市,201406,C,23
石家庄市,201407,C,17
石家庄市,201408,C,22
石家庄市,201409,C,14
石家庄市,201410,C,7
石家庄市,201411,C,20
石家庄市,201412,C,28
石家庄市,201501,C,59
石家庄市,201502,C,72
石家庄市,201503,C,31
石家庄市,201504,C,13
石家庄市,201505,C,42
石家庄市,201506,C,27
石家庄市,201507,C,21
石家庄市,201508,C,19
石家庄市,201509,C,44
石家庄市,201510,C,36
石家庄市,201511,C,24
石家庄市,201512,C,51
石家庄市,201601,C,71
石家庄市,201602,C,17
石家庄市,201603,C,49
石家庄市,201604,C,27
石家庄市,201605,C,25
石家庄市,201606,C,45
石家庄市,201607,C,19
石家庄市,201608,C,44
石家庄市,201609,C,73
石家庄市,201610,C,63
石家庄市,201611,C,35
石家庄市,201612,C,151
天津市,201401,A,459
天津市,201402,A,382
天津市,201403,A,336
天津市,201404,A,214
天津市,201405,A,248
天津市,201406,A,240
天津市,201407,A,90
天津市,201408,A,463
天津市,201409,A,281
天津市,201410,A,84
天津市,201411,A,112
天津市,201412,A,209
天津市,201501,A,683
天津市,201502,A,160
天津市,201503,A,182
天津市,201504,A,106
天津市,201505,A,570
天津市,201506,A,101
天津市,201507,A,107
天津市,201508,A,116
天津市,201509,A,185
天津市,201510,A,208
天津市,201511,A,95
天津市,201512,A,195
天津市,201601,A,171
天津市,201602,A,86
天津市,201603,A,469
天津市,201604,A,133
天津市,201605,A,93
天津市,201606,A,59
天津市,201607,A,60
天津市,201608,A,2233
天津市,201609,A,123
天津市,201610,A,171
天津市,201611,A,163
天津市,201612,A,263
天津市,201401,B,364
天津市,201402,B,196
天津市,201403,B,323
天津市,201404,B,304
天津市,201405,B,261
天津市,201406,B,278
天津市,201407,B,78
天津市,201408,B,559
天津市,201409,B,400
天津市,201410,B,168
天津市,201411,B,252
天津市,201412,B,211
天津市,201501,B,322
天津市,201502,B,569
天津市,201503,B,459
天津市,201504,B,215
天津市,201505,B,167
天津市,201506,B,74
天津市,201507,B,82
天津市,201508,B,147
天津市,201509,B,325
天津市,201510,B,430
天津市,201511,B,141
天津市,201512,B,101
天津市,201601,B,185
天津市,201602,B,285
天津市,201603,B,200
天津市,201604,B,524
天津市,201605,B,90
天津市,201606,B,87
天津市,201607,B,94
天津市,201608,B,176
天津市,201609,B,196
天津市,201610,B,140
天津市,201611,B,169
天津市,201612,B,105
天津市,201401,C,106
天津市,201402,C,19
天津市,201403,C,72
天津市,201404,C,75
天津市,201405,C,56
天津市,201406,C,82
天津市,201407,C,27
天津市,201408,C,95
天津市,201409,C,61
天津市,201410,C,61
天津市,201411,C,95
天津市,201412,C,73
天津市,201501,C,83
天津市,201502,C,71
天津市,201503,C,60
天津市,201504,C,26
天津市,201505,C,30
天津市,201506,C,12
天津市,201507,C,25
天津市,201508,C,27
天津市,201509,C,72
天津市,201510,C,49
天津市,201511,C,43
天津市,201512,C,62
天津市,201601,C,77
天津市,201602,C,53
天津市,201603,C,60
天津市,201604,C,49
天津市,201605,C,49
天津市,201606,C,30
天津市,201607,C,47
天津市,201608,C,42
天津市,201609,C,86
天津市,201610,C,53
天津市,201611,C,144
天津市,201612,C,133
温州市,201401,A,321
温州市,201402,A,120
温州市,201403,A,474
温州市,201404,A,157
温州市,201405,A,198
温州市,201406,A,230
温州市,201407,A,174
温州市,201408,A,307
温州市,201409,A,286
温州市,201410,A,195
温州市,201411,A,401
温州市,201412,A,326
温州市,201501,A,275
温州市,201502,A,347
温州市,201503,A,335
温州市,201504,A,166
温州市,201505,A,208
温州市,201506,A,207
温州市,201507,A,124
温州市,201508,A,262
温州市,201509,A,279
温州市,201510,A,202
温州市,201511,A,343
温州市,201512,A,295
温州市,201601,A,226
温州市,201602,A,149
温州市,201603,A,384
温州市,201604,A,184
温州市,201605,A,205
温州市,201606,A,181
温州市,201607,A,107
温州市,201608,A,186
温州市,201609,A,174
温州市,201610,A,96
温州市,201611,A,261
温州市,201612,A,245
温州市,201401,B,236
温州市,201402,B,63
温州市,201403,B,233
温州市,201404,B,78
温州市,201405,B,103
温州市,201406,B,101
温州市,201407,B,39
温州市,201408,B,102
温州市,201409,B,114
温州市,201410,B,82
温州市,201411,B,180
温州市,201412,B,162
温州市,201501,B,160
温州市,201502,B,163
温州市,201503,B,157
温州市,201504,B,63
温州市,201505,B,118
温州市,201506,B,111
温州市,201507,B,47
温州市,201508,B,84
温州市,201509,B,126
温州市,201510,B,121
温州市,201511,B,160
温州市,201512,B,179
温州市,201601,B,123
温州市,201602,B,92
温州市,201603,B,135
温州市,201604,B,61
温州市,201605,B,51
温州市,201606,B,157
温州市,201607,B,63
温州市,201608,B,132
温州市,201609,B,128
温州市,201610,B,89
温州市,201611,B,176
温州市,201612,B,194
温州市,201401,C,113
温州市,201402,C,34
温州市,201403,C,124
温州市,201404,C,31
温州市,201405,C,26
温州市,201406,C,26
温州市,201407,C,20
温州市,201408,C,63
温州市,201409,C,58
温州市,201410,C,19
温州市,201411,C,105
温州市,201412,C,58
温州市,201501,C,50
温州市,201502,C,73
温州市,201503,C,96
温州市,201504,C,22
温州市,201505,C,15
温州市,201506,C,30
温州市,201507,C,19
温州市,201508,C,57
温州市,201509,C,72
温州市,201510,C,51
温州市,201511,C,113
温州市,201512,C,65
温州市,201601,C,56
温州市,201602,C,47
温州市,201603,C,58
温州市,201604,C,41
温州市,201605,C,36
温州市,201606,C,33
温州市,201607,C,23
温州市,201608,C,64
温州市,201609,C,103
温州市,201610,C,40
温州市,201611,C,152
温州市,201612,C,169
武汉市,201401,A,441
武汉市,201402,A,251
武汉市,201403,A,456
武汉市,201404,A,369
武汉市,201405,A,459
武汉市,201406,A,423
武汉市,201407,A,323
武汉市,201408,A,315
武汉市,201409,A,463
武汉市,201410,A,388
武汉市,201411,A,365
武汉市,201412,A,558
武汉市,201501,A,335
武汉市,201502,A,314
武汉市,201503,A,430
武汉市,201504,A,329
武汉市,201505,A,415
武汉市,201506,A,333
武汉市,201507,A,228
武汉市,201508,A,311
武汉市,201509,A,489
武汉市,201510,A,392
武汉市,201511,A,339
武汉市,201512,A,429
武汉市,201601,A,373
武汉市,201602,A,226
武汉市,201603,A,409
武汉市,201604,A,321
武汉市,201605,A,215
武汉市,201606,A,346
武汉市,201607,A,175
武汉市,201608,A,233
武汉市,201609,A,382
武汉市,201610,A,256
武汉市,201611,A,292
武汉市,201612,A,432
武汉市,201401,B,543
武汉市,201402,B,218
武汉市,201403,B,458
武汉市,201404,B,227
武汉市,201405,B,222
武汉市,201406,B,236
武汉市,201407,B,111
武汉市,201408,B,180
武汉市,201409,B,354
武汉市,201410,B,206
武汉市,201411,B,289
武汉市,201412,B,445
武汉市,201501,B,278
武汉市,201502,B,427
武汉市,201503,B,393
武汉市,201504,B,240
武汉市,201505,B,251
武汉市,201506,B,291
武汉市,201507,B,149
武汉市,201508,B,163
武汉市,201509,B,424
武汉市,201510,B,389
武汉市,201511,B,255
武汉市,201512,B,312
武汉市,201601,B,348
武汉市,201602,B,194
武汉市,201603,B,220
武汉市,201604,B,76
武汉市,201605,B,145
武汉市,201606,B,189
武汉市,201607,B,90
武汉市,201608,B,189
武汉市,201609,B,296
武汉市,201610,B,240
武汉市,201611,B,250
武汉市,201612,B,405
武汉市,201401,C,62
武汉市,201402,C,63
武汉市,201403,C,111
武汉市,201404,C,61
武汉市,201405,C,66
武汉市,201406,C,65
武汉市,201407,C,41
武汉市,201408,C,72
武汉市,201409,C,122
武汉市,201410,C,78
武汉市,201411,C,133
武汉市,201412,C,152
武汉市,201501,C,85
武汉市,201502,C,157
武汉市,201503,C,103
武汉市,201504,C,59
武汉市,201505,C,68
武汉市,201506,C,70
武汉市,201507,C,51
武汉市,201508,C,50
武汉市,201509,C,159
武汉市,201510,C,122
武汉市,201511,C,164
武汉市,201512,C,218
武汉市,201601,C,167
武汉市,201602,C,120
武汉市,201603,C,125
武汉市,201604,C,89
武汉市,201605,C,77
武汉市,201606,C,59
武汉市,201607,C,92
武汉市,201608,C,95
武汉市,201609,C,182
武汉市,201610,C,159
武汉市,201611,C,216
武汉市,201612,C,285
西安市,201401,A,290
西安市,201402,A,175
西安市,201403,A,402
西安市,201404,A,219
西安市,201405,A,234
西安市,201406,A,229
西安市,201407,A,220
西安市,201408,A,375
西安市,201409,A,275
西安市,201410,A,271
西安市,201411,A,279
西安市,201412,A,413
西安市,201501,A,300
西安市,201502,A,277
西安市,201503,A,398
西安市,201504,A,230
西安市,201505,A,391
西安市,201506,A,277
西安市,201507,A,146
西安市,201508,A,261
西安市,201509,A,321
西安市,201510,A,308
西安市,201511,A,314
西安市,201512,A,433
西安市,201601,A,278
西安市,201602,A,317
西安市,201603,A,514
西安市,201604,A,391
西安市,201605,A,271
西安市,201606,A,301
西安市,201607,A,201
西安市,201608,A,198
西安市,201609,A,279
西安市,201610,A,238
西安市,201611,A,207
西安市,201612,A,313
西安市,201401,B,640
西安市,201402,B,319
西安市,201403,B,600
西安市,201404,B,201
西安市,201405,B,312
西安市,201406,B,240
西安市,201407,B,110
西安市,201408,B,213
西安市,201409,B,264
西安市,201410,B,349
西安市,201411,B,250
西安市,201412,B,429
西安市,201501,B,358
西安市,201502,B,518
西安市,201503,B,492
西安市,201504,B,214
西安市,201505,B,421
西安市,201506,B,254
西安市,201507,B,257
西安市,201508,B,270
西安市,201509,B,408
西安市,201510,B,466
西安市,201511,B,295
西安市,201512,B,464
西安市,201601,B,420
西安市,201602,B,266
西安市,201603,B,276
西安市,201604,B,124
西安市,201605,B,310
西安市,201606,B,270
西安市,201607,B,223
西安市,201608,B,281
西安市,201609,B,380
西安市,201610,B,305
西安市,201611,B,210
西安市,201612,B,326
西安市,201401,C,194
西安市,201402,C,96
西安市,201403,C,213
西安市,201404,C,109
西安市,201405,C,116
西安市,201406,C,85
西安市,201407,C,57
西安市,201408,C,155
西安市,201409,C,96
西安市,201410,C,94
西安市,201411,C,125
西安市,201412,C,185
西安市,201501,C,139
西安市,201502,C,179
西安市,201503,C,163
西安市,201504,C,68
西安市,201505,C,103
西安市,201506,C,71
西安市,201507,C,49
西安市,201508,C,129
西安市,201509,C,159
西安市,201510,C,118
西安市,201511,C,126
西安市,201512,C,215
西安市,201601,C,186
西安市,201602,C,119
西安市,201603,C,212
西安市,201604,C,113
西安市,201605,C,119
西安市,201606,C,87
西安市,201607,C,97
西安市,201608,C,132
西安市,201609,C,210
西安市,201610,C,155
西安市,201611,C,174
西安市,201612,C,331
郑州市,201401,A,175
郑州市,201402,A,157
郑州市,201403,A,336
郑州市,201404,A,259
郑州市,201405,A,174
郑州市,201406,A,237
郑州市,201407,A,203
郑州市,201408,A,384
郑州市,201409,A,182
郑州市,201410,A,286
郑州市,201411,A,376
郑州市,201412,A,272
郑州市,201501,A,286
郑州市,201502,A,282
郑州市,201503,A,394
郑州市,201504,A,327
郑州市,201505,A,271
郑州市,201506,A,237
郑州市,201507,A,192
郑州市,201508,A,332
郑州市,201509,A,262
郑州市,201510,A,234
郑州市,201511,A,329
郑州市,201512,A,273
郑州市,201601,A,279
郑州市,201602,A,205
郑州市,201603,A,291
郑州市,201604,A,308
郑州市,201605,A,102
郑州市,201606,A,197
郑州市,201607,A,196
郑州市,201608,A,239
郑州市,201609,A,265
郑州市,201610,A,167
郑州市,201611,A,271
郑州市,201612,A,305
郑州市,201401,B,279
郑州市,201402,B,229
郑州市,201403,B,356
郑州市,201404,B,165
郑州市,201405,B,261
郑州市,201406,B,224
郑州市,201407,B,79
郑州市,201408,B,244
郑州市,201409,B,101
郑州市,201410,B,181
郑州市,201411,B,260
郑州市,201412,B,203
郑州市,201501,B,207
郑州市,201502,B,374
郑州市,201503,B,296
郑州市,201504,B,143
郑州市,201505,B,150
郑州市,201506,B,174
郑州市,201507,B,169
郑州市,201508,B,277
郑州市,201509,B,249
郑州市,201510,B,279
郑州市,201511,B,300
郑州市,201512,B,199
郑州市,201601,B,242
郑州市,201602,B,184
郑州市,201603,B,98
郑州市,201604,B,77
郑州市,201605,B,115
郑州市,201606,B,84
郑州市,201607,B,125
郑州市,201608,B,199
郑州市,201609,B,219
郑州市,201610,B,155
郑州市,201611,B,207
郑州市,201612,B,261
郑州市,201401,C,181
郑州市,201402,C,80
郑州市,201403,C,179
郑州市,201404,C,56
郑州市,201405,C,71
郑州市,201406,C,79
郑州市,201407,C,74
郑州市,201408,C,162
郑州市,201409,C,85
郑州市,201410,C,101
郑州市,201411,C,163
郑州市,201412,C,162
郑州市,201501,C,127
郑州市,201502,C,205
郑州市,201503,C,145
郑州市,201504,C,83
郑州市,201505,C,87
郑州市,201506,C,59
郑州市,201507,C,59
郑州市,201508,C,124
郑州市,201509,C,195
郑州市,201510,C,134
郑州市,201511,C,186
郑州市,201512,C,192
郑州市,201601,C,162
郑州市,201602,C,108
郑州市,201603,C,154
郑州市,201604,C,125
郑州市,201605,C,68
郑州市,201606,C,56
郑州市,201607,C,57
郑州市,201608,C,120
郑州市,201609,C,171
郑州市,201610,C,116
郑州市,201611,C,192
郑州市,201612,C,300
重庆市,201401,A,852
重庆市,201402,A,635
重庆市,201403,A,826
重庆市,201404,A,546
重庆市,201405,A,588
重庆市,201406,A,686
重庆市,201407,A,490
重庆市,201408,A,757
重庆市,201409,A,612
重庆市,201410,A,486
重庆市,201411,A,552
重庆市,201412,A,943
重庆市,201501,A,554
重庆市,201502,A,675
重庆市,201503,A,860
重庆市,201504,A,551
重庆市,201505,A,627
重庆市,201506,A,521
重庆市,201507,A,403
重庆市,201508,A,522
重庆市,201509,A,661
重庆市,201510,A,515
重庆市,201511,A,638
重庆市,201512,A,824
重庆市,201601,A,663
重庆市,201602,A,519
重庆市,201603,A,637
重庆市,201604,A,566
重庆市,201605,A,333
重庆市,201606,A,467
重庆市,201607,A,308
重庆市,201608,A,546
重庆市,201609,A,434
重庆市,201610,A,444
重庆市,201611,A,519
重庆市,201612,A,519
重庆市,201401,B,436
重庆市,201402,B,249
重庆市,201403,B,318
重庆市,201404,B,139
重庆市,201405,B,147
重庆市,201406,B,151
重庆市,201407,B,36
重庆市,201408,B,167
重庆市,201409,B,134
重庆市,201410,B,142
重庆市,201411,B,236
重庆市,201412,B,209
重庆市,201501,B,179
重庆市,201502,B,256
重庆市,201503,B,274
重庆市,201504,B,108
重庆市,201505,B,146
重庆市,201506,B,137
重庆市,201507,B,98
重庆市,201508,B,170
重庆市,201509,B,198
重庆市,201510,B,169
重庆市,201511,B,257
重庆市,201512,B,284
重庆市,201601,B,188
重庆市,201602,B,189
重庆市,201603,B,309
重庆市,201604,B,110
重庆市,201605,B,111
重庆市,201606,B,165
重庆市,201607,B,111
重庆市,201608,B,217
重庆市,201609,B,229
重庆市,201610,B,189
重庆市,201611,B,198
重庆市,201612,B,149
重庆市,201401,C,259
重庆市,201402,C,118
重庆市,201403,C,177
重庆市,201404,C,66
重庆市,201405,C,94
重庆市,201406,C,59
重庆市,201407,C,66
重庆市,201408,C,157
重庆市,201409,C,119
重庆市,201410,C,126
重庆市,201411,C,249
重庆市,201412,C,193
重庆市,201501,C,154
重庆市,201502,C,167
重庆市,201503,C,180
重庆市,201504,C,76
重庆市,201505,C,123
重庆市,201506,C,67
重庆市,201507,C,57
重庆市,201508,C,103
重庆市,201509,C,145
重庆市,201510,C,170
重庆市,201511,C,249
重庆市,201512,C,327
重庆市,201601,C,260
重庆市,201602,C,198
重庆市,201603,C,239
重庆市,201604,C,170
重庆市,201605,C,189
重庆市,201606,C,96
重庆市,201607,C,115
重庆市,201608,C,337
重庆市,201609,C,239
重庆市,201610,C,275
重庆市,201611,C,533
重庆市,201612,C,273
